{
  "metrics": {
    "accuracy": 0.9612747075433643,
    "f1_macro": 0.9304067094781907,
    "f1_weighted": 0.9611999213578643,
    "precision_macro": 0.9320799338659753,
    "precision_weighted": 0.9611335847703014,
    "recall_macro": 0.9287550337447332,
    "recall_weighted": 0.9612747075433643,
    "roc_auc": 0.987683638465267
  },
  "training_time_seconds": 35.71804928779602,
  "training_time_minutes": 0.595300821463267,
  "avg_inference_time_ms": 0.5255866050720215,
  "num_classes": 2,
  "classes": [
    "0",
    "1"
  ]
}