{
  "metrics": {
    "accuracy": 0.9657119806373538,
    "f1_macro": 0.9392567480891164,
    "f1_weighted": 0.9658898581178126,
    "precision_macro": 0.9347783164651154,
    "precision_weighted": 0.9661307748599934,
    "recall_macro": 0.943895302770424,
    "recall_weighted": 0.9657119806373538,
    "roc_auc": 0.989669753719378
  },
  "training_time_seconds": 210.45491909980774,
  "training_time_minutes": 3.5075819849967957,
  "avg_inference_time_ms": 1.1197638511657715,
  "num_classes": 2,
  "classes": [
    "0",
    "1"
  ]
}