{
  "metrics": {
    "accuracy": 0.9568374344493747,
    "f1_macro": 0.9233903564495926,
    "f1_weighted": 0.9570212096032197,
    "precision_macro": 0.9198367604101036,
    "precision_weighted": 0.9572462816763279,
    "recall_macro": 0.9270485709758007,
    "recall_weighted": 0.9568374344493747,
    "roc_auc": 0.9865644459152093
  },
  "training_time_seconds": 21.653316497802734,
  "training_time_minutes": 0.36088860829671227,
  "avg_inference_time_ms": 0.3466987609863281,
  "num_classes": 2,
  "classes": [
    "0",
    "1"
  ]
}